"ano","tipo_taxi","dia_semana","hora","volume","tarifa_media","distancia_media"
"2021","green","friday","19","1","7.0","1.48"
"2021","yellow","friday","20","1","9.0","2.77"
"2021","green","friday","20","1","12.5","3.9"
"2021","yellow","friday","23","22","12.86","3.5"
"2021","green","friday","23","1","18.5","6.03"
"2022","yellow","monday","0","85012","20.21","10.72"
"2022","green","monday","0","1504","15.84","52.18"
"2022","green","monday","1","821","15.89","3.45"
"2022","yellow","monday","1","43905","19.18","10.87"
"2022","green","monday","2","553","14.48","3.26"
"2022","yellow","monday","2","24444","16.84","31.94"
"2022","yellow","monday","3","16267","18.91","9.96"
"2022","green","monday","3","420","18.93","208.42"
"2022","yellow","monday","4","18803","24.35","22.47"
"2022","green","monday","4","458","22.5","462.55"
"2022","green","monday","5","623","23.13","5.99"
"2022","yellow","monday","5","35556","22.72","72.19"
"2022","yellow","monday","6","94563","17.83","14.38"
"2022","green","monday","6","2090","15.75","354.37"
"2022","yellow","monday","7","175084","15.46","12.43"
"2022","green","monday","7","4860","14.73","193.42"
"2022","yellow","monday","8","229237","14.75","7.28"
"2022","green","monday","8","6476","14.68","187.89"
"2022","green","monday","9","6607","14.38","118.89"
"2022","yellow","monday","9","243747","14.37","5.32"
"2022","green","monday","10","6162","14.72","54.76"
"2022","yellow","monday","10","253292","14.34","3.86"
"2022","yellow","monday","11","266441","14.47","3.94"
"2022","green","monday","11","6266","14.92","75.52"
"2022","yellow","monday","12","290006","14.77","3.76"
"2022","green","monday","12","6341","14.68","146.94"
"2022","yellow","monday","13","295696","14.97","5.06"
"2022","green","monday","13","6138","14.93","62.16"
"2022","green","monday","14","7100","15.03","154.47"
"2022","yellow","monday","14","321144","15.51","5.87"
"2022","green","monday","15","7776","14.74","76.64"
"2022","yellow","monday","15","338684","15.58","6.16"
"2022","yellow","monday","16","331890","15.53","4.68"
"2022","green","monday","16","7962","14.46","104.91"
"2022","green","monday","17","8514","13.61","26.29"
"2022","yellow","monday","17","361348","14.47","4.49"
"2022","green","monday","18","8251","13.13","57.8"
"2022","yellow","monday","18","372245","13.37","5.44"
"2022","yellow","monday","19","319372","13.49","3.87"
"2022","green","monday","19","6485","12.8","18.83"
"2022","yellow","monday","20","271894","14.12","4.99"
"2022","green","monday","20","4797","13.14","13.49"
"2022","yellow","monday","21","252395","14.66","5.14"
"2022","green","monday","21","3620","13.96","13.54"
"2022","green","monday","22","2805","15.16","28.79"
"2022","yellow","monday","22","211714","15.7","4.37"
"2022","yellow","monday","23","145240","17.54","7.32"
"2022","green","monday","23","2154","14.52","23.19"
"2022","green","tuesday","0","1289","15.57","72.96"
"2022","yellow","tuesday","0","82469","19.17","6.95"
"2022","yellow","tuesday","1","37453","18.68","7.13"
"2022","green","tuesday","1","679","15.54","136.27"
"2022","green","tuesday","2","448","17.26","124.68"
"2022","yellow","tuesday","2","19432","17.52","6.99"
"2022","yellow","tuesday","3","11508","19.83","6.86"
"2022","green","tuesday","3","281","18.94","4.52"
"2022","green","tuesday","4","316","23.52","6.09"
"2022","yellow","tuesday","4","13810","23.78","21.33"
"2022","yellow","tuesday","5","34325","20.43","32.12"
"2022","green","tuesday","5","490","21.73","228.76"
"2022","yellow","tuesday","6","104203","16.04","10.23"
"2022","green","tuesday","6","2134","15.5","68.27"
"2022","yellow","tuesday","7","207675","14.26","11.7"
"2022","green","tuesday","7","5477","14.26","175.12"
"2022","green","tuesday","8","7147","14.55","226.34"
"2022","yellow","tuesday","8","272736","14.2","10.91"
"2022","yellow","tuesday","9","282235","14.06","5.2"
"2022","green","tuesday","9","7236","14.53","58.44"
"2022","yellow","tuesday","10","286730","14.24","5.47"
"2022","green","tuesday","10","6994","14.96","151.57"
"2022","green","tuesday","11","6833","15.12","65.51"
"2022","yellow","tuesday","11","297127","14.42","5.53"
"2022","green","tuesday","12","6546","15.5","82.89"
"2022","yellow","tuesday","12","315430","14.58","4.04"
"2022","green","tuesday","13","6569","15.41","109.93"
"2022","yellow","tuesday","13","323259","14.89","4.44"
"2022","yellow","tuesday","14","352897","15.35","3.89"
"2022","green","tuesday","14","7415","15.34","94.53"
"2022","yellow","tuesday","15","363179","15.48","6.94"
"2022","green","tuesday","15","8242","14.93","16.33"
"2022","green","tuesday","16","8551","14.5","80.77"
"2022","yellow","tuesday","16","361199","15.43","4.24"
"2022","yellow","tuesday","17","401639","14.5","5.15"
"2022","green","tuesday","17","9038","13.94","3.22"
"2022","yellow","tuesday","18","428670","13.43","4.68"
"2022","green","tuesday","18","8746","13.06","17.05"
"2022","green","tuesday","19","6824","12.55","2.82"
"2022","yellow","tuesday","19","369675","13.18","3.92"
"2022","green","tuesday","20","4950","12.88","45.5"
"2022","yellow","tuesday","20","325705","13.49","4.41"
"2022","yellow","tuesday","21","315663","14.03","5.24"
"2022","green","tuesday","21","3859","14.73","115.22"
"2022","yellow","tuesday","22","271033","14.81","4.35"
"2022","green","tuesday","22","3127","15.89","4.0"
"2022","green","tuesday","23","2340","15.69","88.82"
"2022","yellow","tuesday","23","192133","15.89","5.41"
"2022","yellow","wednesday","0","104510","16.26","5.72"
"2022","green","wednesday","0","1402","15.44","3.47"
"2022","yellow","wednesday","1","48842","15.65","4.4"
"2022","green","wednesday","1","816","15.29","3.5"
"2022","yellow","wednesday","2","24923","14.73","4.03"
"2022","green","wednesday","2","454","15.79","3.75"
"2022","green","wednesday","3","317","16.19","3.51"
"2022","yellow","wednesday","3","14715","16.93","5.58"
"2022","yellow","wednesday","4","15733","22.4","24.62"
"2022","green","wednesday","4","378","22.33","149.69"
"2022","yellow","wednesday","5","35445","20.85","35.77"
"2022","green","wednesday","5","588","21.07","429.0"
"2022","green","wednesday","6","2256","15.39","296.63"
"2022","yellow","wednesday","6","106290","15.84","14.78"
"2022","yellow","wednesday","7","209692","14.08","17.49"
"2022","green","wednesday","7","5503","14.38","284.47"
"2022","yellow","wednesday","8","272957","14.05","10.74"
"2022","green","wednesday","8","7371","14.65","84.44"
"2022","yellow","wednesday","9","282505","13.96","6.22"
"2022","green","wednesday","9","7455","14.49","133.22"
"2022","green","wednesday","10","7072","14.78","122.45"
"2022","yellow","wednesday","10","290902","14.17","6.22"
"2022","yellow","wednesday","11","305899","14.39","4.31"
"2022","green","wednesday","11","7211","14.82","28.35"
"2022","yellow","wednesday","12","322922","14.74","3.85"
"2022","green","wednesday","12","6941","15.08","66.58"
"2022","green","wednesday","13","6769","15.41","111.19"
"2022","yellow","wednesday","13","328466","15.27","5.03"
"2022","yellow","wednesday","14","352167","15.68","5.32"
"2022","green","wednesday","14","7527","15.49","100.53"
"2022","yellow","wednesday","15","363930","15.74","5.64"
"2022","green","wednesday","15","8464","15.47","47.06"
"2022","yellow","wednesday","16","360094","15.8","5.67"
"2022","green","wednesday","16","8716","14.84","66.57"
"2022","yellow","wednesday","17","401303","14.85","5.46"
"2022","green","wednesday","17","9457","14.0","51.37"
"2022","yellow","wednesday","18","426989","13.65","4.23"
"2022","green","wednesday","18","9094","13.23","27.07"
"2022","yellow","wednesday","19","387936","13.24","4.27"
"2022","green","wednesday","19","7368","13.02","16.74"
"2022","green","wednesday","20","5446","13.16","52.81"
"2022","yellow","wednesday","20","339826","13.55","4.53"
"2022","green","wednesday","21","4119","14.2","28.69"
"2022","yellow","wednesday","21","330439","13.94","4.54"
"2022","yellow","wednesday","22","295053","14.66","5.16"
"2022","green","wednesday","22","3502","15.36","67.66"
"2022","green","wednesday","23","2644","15.3","67.14"
"2022","yellow","wednesday","23","220636","15.42","5.31"
"2022","yellow","thursday","0","129725","15.49","5.87"
"2022","green","thursday","0","1609","16.02","59.33"
"2022","green","thursday","1","939","15.81","62.77"
"2022","yellow","thursday","1","65454","14.8","4.05"
"2022","yellow","thursday","2","35403","14.43","12.71"
"2022","green","thursday","2","524","17.45","3.77"
"2022","green","thursday","3","394","18.03","55.6"
"2022","yellow","thursday","3","20855","16.16","17.1"
"2022","yellow","thursday","4","19293","21.88","28.62"
"2022","green","thursday","4","430","21.98","7.33"
"2022","yellow","thursday","5","37240","20.99","34.8"
"2022","green","thursday","5","622","21.83","613.66"
"2022","green","thursday","6","2338","15.47","250.52"
"2022","yellow","thursday","6","106826","16.13","12.8"
"2022","green","thursday","7","5462","14.54","244.82"
"2022","yellow","thursday","7","208968","14.31","11.43"
"2022","green","thursday","8","7256","14.72","190.25"
"2022","yellow","thursday","8","267804","14.26","10.22"
"2022","yellow","thursday","9","279212","14.0","5.67"
"2022","green","thursday","9","7304","14.66","30.33"
"2022","green","thursday","10","7052","15.05","118.99"
"2022","yellow","thursday","10","290077","14.2","3.08"
"2022","yellow","thursday","11","306566","14.56","4.01"
"2022","green","thursday","11","6934","15.26","55.22"
"2022","green","thursday","12","7059","15.34","124.7"
"2022","yellow","thursday","12","328860","14.89","3.51"
"2022","green","thursday","13","6933","15.38","48.05"
"2022","yellow","thursday","13","334539","15.36","4.28"
"2022","yellow","thursday","14","361238","15.96","5.67"
"2022","green","thursday","14","7853","15.73","78.35"
"2022","yellow","thursday","15","368635","16.23","5.28"
"2022","green","thursday","15","8583","15.92","63.2"
"2022","yellow","thursday","16","363641","16.42","4.89"
"2022","green","thursday","16","8956","15.11","6.6"
"2022","yellow","thursday","17","401717","15.37","6.72"
"2022","green","thursday","17","9552","14.26","58.18"
"2022","green","thursday","18","9338","13.65","48.1"
"2022","yellow","thursday","18","432833","14.17","4.2"
"2022","green","thursday","19","7779","12.97","23.18"
"2022","yellow","thursday","19","392554","13.64","4.72"
"2022","green","thursday","20","5714","13.39","67.49"
"2022","yellow","thursday","20","349441","13.8","4.38"
"2022","yellow","thursday","21","341652","14.04","3.89"
"2022","green","thursday","21","4705","14.14","104.48"
"2022","yellow","thursday","22","315628","14.72","6.07"
"2022","green","thursday","22","3989","15.74","155.17"
"2022","yellow","thursday","23","256598","15.18","4.41"
"2022","green","thursday","23","3062","15.71","35.43"
"2022","green","friday","0","1957","15.67","49.78"
"2022","yellow","friday","0","178037","15.21","4.3"
"2022","green","friday","1","1168","15.45","215.27"
"2022","yellow","friday","1","105761","14.11","4.59"
"2022","green","friday","2","704","15.71","3.37"
"2022","yellow","friday","2","61743","13.89","6.26"
"2022","green","friday","3","447","18.77","4.3"
"2022","yellow","friday","3","35093","15.07","15.98"
"2022","yellow","friday","4","27922","21.42","22.41"
"2022","green","friday","4","469","24.03","186.04"
"2022","green","friday","5","632","22.54","193.0"
"2022","yellow","friday","5","39360","22.27","76.31"
"2022","green","friday","6","2145","16.65","297.85"
"2022","yellow","friday","6","95094","17.81","15.22"
"2022","yellow","friday","7","176336","15.25","17.51"
"2022","green","friday","7","5102","14.8","363.69"
"2022","yellow","friday","8","229912","14.53","8.97"
"2022","green","friday","8","6584","14.14","62.8"
"2022","green","friday","9","6725","14.19","64.1"
"2022","yellow","friday","9","250716","14.3","7.02"
"2022","green","friday","10","6633","14.93","104.24"
"2022","yellow","friday","10","272423","14.28","4.26"
"2022","green","friday","11","6585","15.62","76.57"
"2022","yellow","friday","11","290535","15.97","3.83"
"2022","green","friday","12","6231","15.37","92.85"
"2022","yellow","friday","12","306062","15.08","4.21"
"2022","yellow","friday","13","312206","15.61","4.11"
"2022","green","friday","13","6216","16.23","228.44"
"2022","green","friday","14","7839","16.01","131.69"
"2022","yellow","friday","14","349875","16.05","6.43"
"2022","yellow","friday","15","359466","16.23","6.46"
"2022","green","friday","15","8693","15.69","115.23"
"2022","green","friday","16","8931","15.34","65.86"
"2022","yellow","friday","16","352266","16.13","5.5"
"2022","green","friday","17","9524","14.58","22.41"
"2022","yellow","friday","17","394851","14.78","4.29"
"2022","green","friday","18","9361","14.04","73.37"
"2022","yellow","friday","18","424645","13.65","3.79"
"2022","yellow","friday","19","404402","13.42","5.01"
"2022","green","friday","19","7950","13.71","30.81"
"2022","green","friday","20","5955","13.86","37.95"
"2022","yellow","friday","20","329010","13.82","5.2"
"2022","yellow","friday","21","317438","13.96","4.9"
"2022","green","friday","21","4900","14.76","29.15"
"2022","yellow","friday","22","324993","14.23","3.82"
"2022","green","friday","22","4375","16.01","28.16"
"2022","yellow","friday","23","302929","14.58","4.93"
"2022","green","friday","23","3957","16.6","33.79"
"2022","green","saturday","0","3106","16.13","32.04"
"2022","yellow","saturday","0","255388","14.3","4.06"
"2022","yellow","saturday","1","204059","13.21","4.43"
"2022","green","saturday","1","2291","16.62","75.75"
"2022","green","saturday","2","1606","19.09","23.98"
"2022","yellow","saturday","2","155956","12.84","3.62"
"2022","yellow","saturday","3","105296","13.3","6.71"
"2022","green","saturday","3","1176","20.75","53.17"
"2022","green","saturday","4","871","24.36","181.25"
"2022","yellow","saturday","4","55500","16.16","7.75"
"2022","green","saturday","5","662","24.54","526.2"
"2022","yellow","saturday","5","29320","22.27","20.35"
"2022","yellow","saturday","6","48996","21.02","34.7"
"2022","green","saturday","6","1135","20.69","352.32"
"2022","yellow","saturday","7","75774","17.56","16.5"
"2022","green","saturday","7","2054","17.0","226.46"
"2022","green","saturday","8","3095","15.64","114.75"
"2022","yellow","saturday","8","119300","15.12","8.31"
"2022","green","saturday","9","4397","14.95","168.09"
"2022","yellow","saturday","9","184579","15.63","5.03"
"2022","yellow","saturday","10","242944","13.02","4.78"
"2022","green","saturday","10","5509","14.51","115.23"
"2022","green","saturday","11","6361","14.66","177.74"
"2022","yellow","saturday","11","288022","13.17","5.19"
"2022","green","saturday","12","6755","14.75","48.64"
"2022","yellow","saturday","12","320001","13.71","6.38"
"2022","green","saturday","13","6557","15.43","124.28"
"2022","yellow","saturday","13","330274","14.35","7.45"
"2022","yellow","saturday","14","331494","14.84","4.63"
"2022","green","saturday","14","7023","15.24","86.73"
"2022","yellow","saturday","15","339223","15.03","5.92"
"2022","green","saturday","15","7405","14.86","23.89"
"2022","green","saturday","16","7344","14.65","118.29"
"2022","yellow","saturday","16","343236","15.03","5.17"
"2022","green","saturday","17","7219","14.75","57.59"
"2022","yellow","saturday","17","359161","15.22","5.45"
"2022","yellow","saturday","18","369178","14.14","5.76"
"2022","green","saturday","18","7340","14.68","92.02"
"2022","green","saturday","19","6390","15.03","113.7"
"2022","yellow","saturday","19","356267","13.93","5.96"
"2022","green","saturday","20","5221","15.41","86.83"
"2022","yellow","saturday","20","305190","13.93","5.07"
"2022","green","saturday","21","4735","15.31","25.12"
"2022","yellow","saturday","21","298377","13.97","6.25"
"2022","yellow","saturday","22","304716","14.25","5.85"
"2022","green","saturday","22","4396","16.62","79.34"
"2022","green","saturday","23","4155","16.36","197.36"
"2022","yellow","saturday","23","286764","14.52","5.36"
"2022","yellow","sunday","0","240164","14.01","5.08"
"2022","green","sunday","0","3139","16.57","47.89"
"2022","green","sunday","1","2329","17.0","3.86"
"2022","yellow","sunday","1","199895","13.01","5.92"
"2022","green","sunday","2","1587","19.35","124.07"
"2022","yellow","sunday","2","147213","12.8","4.35"
"2022","yellow","sunday","3","104044","13.4","8.47"
"2022","green","sunday","3","1201","21.98","4.31"
"2022","green","sunday","4","947","24.78","49.32"
"2022","yellow","sunday","4","57963","16.51","5.34"
"2022","green","sunday","5","631","25.46","379.51"
"2022","yellow","sunday","5","30379","23.43","13.46"
"2022","green","sunday","6","935","21.95","273.67"
"2022","yellow","sunday","6","43941","23.17","19.72"
"2022","green","sunday","7","1410","17.83","306.31"
"2022","yellow","sunday","7","65351","19.79","11.58"
"2022","yellow","sunday","8","99021","16.94","10.17"
"2022","green","sunday","8","2041","16.4","33.42"
"2022","yellow","sunday","9","153375","14.52","7.86"
"2022","green","sunday","9","3298","14.78","67.54"
"2022","green","sunday","10","4410","13.74","152.1"
"2022","yellow","sunday","10","215555","13.82","6.27"
"2022","yellow","sunday","11","256330","14.0","5.28"
"2022","green","sunday","11","5477","14.43","238.55"
"2022","green","sunday","12","6130","14.57","108.88"
"2022","yellow","sunday","12","286247","14.7","6.61"
"2022","green","sunday","13","5958","15.48","110.68"
"2022","yellow","sunday","13","290432","15.52","5.46"
"2022","yellow","sunday","14","299498","16.23","5.24"
"2022","green","sunday","14","6488","15.42","111.85"
"2022","yellow","sunday","15","294575","16.71","4.74"
"2022","green","sunday","15","6567","14.81","113.51"
"2022","yellow","sunday","16","295352","16.51","5.41"
"2022","green","sunday","16","6549","14.95","74.75"
"2022","green","sunday","17","6319","14.62","88.2"
"2022","yellow","sunday","17","298072","15.87","6.23"
"2022","yellow","sunday","18","294141","15.04","7.56"
"2022","green","sunday","18","6256","14.04","53.96"
"2022","yellow","sunday","19","258252","15.12","4.67"
"2022","green","sunday","19","5199","14.09","139.0"
"2022","green","sunday","20","4213","14.39","53.97"
"2022","yellow","sunday","20","228236","15.3","5.57"
"2022","yellow","sunday","21","210748","15.73","6.02"
"2022","green","sunday","21","3550","14.84","66.05"
"2022","yellow","sunday","22","178528","17.05","5.45"
"2022","green","sunday","22","2703","15.69","113.3"
"2022","green","sunday","23","2231","15.91","12.35"
"2022","yellow","sunday","23","132436","18.74","6.83"
"2023","yellow","monday","0","77677","26.83","6.21"
"2023","green","monday","0","1392","18.55","3.38"
"2023","yellow","monday","1","39999","25.48","6.39"
"2023","green","monday","1","927","17.8","3.33"
"2023","yellow","monday","2","21051","22.9","4.98"
"2023","green","monday","2","589","19.26","3.43"
"2023","yellow","monday","3","14852","24.75","5.86"
"2023","green","monday","3","530","20.1","3.71"
"2023","green","monday","4","486","23.03","44.42"
"2023","yellow","monday","4","16680","30.43","20.75"
"2023","green","monday","5","567","23.79","29.47"
"2023","yellow","monday","5","31187","28.68","7.08"
"2023","yellow","monday","6","81377","23.65","8.67"
"2023","green","monday","6","1802","18.39","3.72"
"2023","yellow","monday","7","158629","20.26","6.79"
"2023","green","monday","7","4663","17.22","67.39"
"2023","green","monday","8","5699","18.23","13.08"
"2023","yellow","monday","8","213285","19.23","4.42"
"2023","green","monday","9","5930","18.25","19.7"
"2023","yellow","monday","9","225638","19.34","3.74"
"2023","green","monday","10","5783","18.58","40.8"
"2023","yellow","monday","10","233793","19.7","3.58"
"2023","yellow","monday","11","245613","19.89","4.03"
"2023","green","monday","11","5629","18.77","68.58"
"2023","yellow","monday","12","264052","19.97","4.32"
"2023","green","monday","12","5815","18.1","56.62"
"2023","green","monday","13","5712","18.56","110.1"
"2023","yellow","monday","13","274998","21.95","4.39"
"2023","green","monday","14","6629","18.36","16.74"
"2023","yellow","monday","14","298552","21.29","3.99"
"2023","green","monday","15","7308","18.12","70.57"
"2023","yellow","monday","15","309900","21.16","4.61"
"2023","yellow","monday","16","307757","21.25","4.03"
"2023","green","monday","16","7928","17.56","6.12"
"2023","green","monday","17","8131","16.72","28.65"
"2023","yellow","monday","17","335085","19.65","4.51"
"2023","green","monday","18","8228","15.4","7.62"
"2023","yellow","monday","18","343092","18.06","3.34"
"2023","green","monday","19","6296","15.63","17.63"
"2023","yellow","monday","19","291334","18.54","3.92"
"2023","yellow","monday","20","265280","19.29","3.88"
"2023","green","monday","20","4617","16.16","5.94"
"2023","green","monday","21","3712","17.4","8.8"
"2023","yellow","monday","21","252907","19.74","4.03"
"2023","green","monday","22","2757","18.47","3.39"
"2023","yellow","monday","22","201374","21.68","4.59"
"2023","green","monday","23","1900","19.06","3.52"
"2023","yellow","monday","23","132657","24.95","5.72"
"2023","yellow","tuesday","0","70835","25.73","5.73"
"2023","green","tuesday","0","1300","18.66","11.12"
"2023","green","tuesday","1","765","19.15","3.63"
"2023","yellow","tuesday","1","32429","25.24","6.64"
"2023","green","tuesday","2","480","19.53","3.67"
"2023","yellow","tuesday","2","16705","23.71","7.31"
"2023","yellow","tuesday","3","10521","26.05","5.78"
"2023","green","tuesday","3","318","21.0","56.5"
"2023","yellow","tuesday","4","12977","31.11","38.04"
"2023","green","tuesday","4","295","24.55","128.16"
"2023","green","tuesday","5","475","23.03","28.45"
"2023","yellow","tuesday","5","31230","26.45","18.45"
"2023","yellow","tuesday","6","87662","21.41","8.96"
"2023","green","tuesday","6","1880","17.0","22.87"
"2023","yellow","tuesday","7","187436","18.28","5.0"
"2023","green","tuesday","7","5056","16.59","10.09"
"2023","yellow","tuesday","8","257454","18.32","4.47"
"2023","green","tuesday","8","6322","17.77","25.74"
"2023","green","tuesday","9","6437","18.19","34.47"
"2023","yellow","tuesday","9","270526","18.91","4.26"
"2023","green","tuesday","10","6329","18.64","29.91"
"2023","yellow","tuesday","10","268938","20.0","3.42"
"2023","yellow","tuesday","11","279581","19.65","3.15"
"2023","green","tuesday","11","6000","19.01","20.8"
"2023","green","tuesday","12","6120","18.6","24.06"
"2023","yellow","tuesday","12","295490","19.74","3.41"
"2023","yellow","tuesday","13","302105","20.3","3.99"
"2023","green","tuesday","13","5976","18.99","42.6"
"2023","green","tuesday","14","6855","18.95","13.38"
"2023","yellow","tuesday","14","333171","20.98","3.7"
"2023","yellow","tuesday","15","341329","20.85","4.34"
"2023","green","tuesday","15","7535","18.61","5.02"
"2023","yellow","tuesday","16","340744","20.85","3.48"
"2023","green","tuesday","16","8359","17.53","2.88"
"2023","green","tuesday","17","8641","17.16","19.8"
"2023","yellow","tuesday","17","378820","19.42","4.2"
"2023","yellow","tuesday","18","405178","17.81","3.19"
"2023","green","tuesday","18","8606","15.9","6.98"
"2023","yellow","tuesday","19","347866","17.83","3.8"
"2023","green","tuesday","19","6736","15.35","2.61"
"2023","green","tuesday","20","5093","16.62","5.07"
"2023","yellow","tuesday","20","324323","18.3","3.48"
"2023","green","tuesday","21","4306","18.47","24.76"
"2023","yellow","tuesday","21","330340","18.31","3.85"
"2023","yellow","tuesday","22","278524","19.49","3.95"
"2023","green","tuesday","22","3227","19.71","6.76"
"2023","yellow","tuesday","23","184729","21.36","4.5"
"2023","green","tuesday","23","2162","18.43","5.04"
"2023","green","wednesday","0","1487","18.06","3.27"
"2023","yellow","wednesday","0","93387","22.16","4.86"
"2023","yellow","wednesday","1","42734","21.09","4.46"
"2023","green","wednesday","1","924","17.49","3.18"
"2023","green","wednesday","2","589","16.5","3.02"
"2023","yellow","wednesday","2","21624","20.13","4.21"
"2023","yellow","wednesday","3","13782","22.28","11.52"
"2023","green","wednesday","3","517","17.15","3.36"
"2023","green","wednesday","4","426","22.55","110.18"
"2023","yellow","wednesday","4","14972","30.47","14.11"
"2023","green","wednesday","5","545","24.33","76.32"
"2023","yellow","wednesday","5","31828","26.59","19.02"
"2023","yellow","wednesday","6","89058","20.93","8.61"
"2023","green","wednesday","6","1965","17.39","64.51"
"2023","yellow","wednesday","7","192450","18.23","4.36"
"2023","green","wednesday","7","5083","16.89","62.53"
"2023","yellow","wednesday","8","264961","18.08","3.37"
"2023","green","wednesday","8","6472","17.78","19.54"
"2023","green","wednesday","9","6726","18.25","18.82"
"2023","yellow","wednesday","9","275797","18.61","4.18"
"2023","yellow","wednesday","10","276196","19.18","3.21"
"2023","green","wednesday","10","6533","18.73","38.96"
"2023","green","wednesday","11","6333","19.01","19.06"
"2023","yellow","wednesday","11","290360","19.73","3.55"
"2023","yellow","wednesday","12","310704","20.02","3.47"
"2023","green","wednesday","12","6107","19.02","10.76"
"2023","yellow","wednesday","13","318543","20.66","3.45"
"2023","green","wednesday","13","6340","18.97","13.0"
"2023","green","wednesday","14","7250","19.22","17.15"
"2023","yellow","wednesday","14","341581","21.43","4.04"
"2023","green","wednesday","15","8216","18.62","28.07"
"2023","yellow","wednesday","15","348439","21.17","4.85"
"2023","green","wednesday","16","8636","18.21","10.8"
"2023","yellow","wednesday","16","348935","21.23","3.64"
"2023","green","wednesday","17","9397","17.18","12.23"
"2023","yellow","wednesday","17","393681","19.77","3.3"
"2023","yellow","wednesday","18","425593","18.04","2.98"
"2023","green","wednesday","18","9039","16.06","8.08"
"2023","yellow","wednesday","19","381198","17.89","3.6"
"2023","green","wednesday","19","7226","15.85","8.9"
"2023","yellow","wednesday","20","348686","18.31","3.4"
"2023","green","wednesday","20","5271","16.25","22.25"
"2023","yellow","wednesday","21","355475","18.43","4.05"
"2023","green","wednesday","21","4485","18.68","4.71"
"2023","yellow","wednesday","22","316032","19.14","3.7"
"2023","green","wednesday","22","3636","20.25","7.25"
"2023","green","wednesday","23","2491","19.76","15.31"
"2023","yellow","wednesday","23","211655","20.66","4.22"
"2023","green","thursday","0","1579","19.26","3.55"
"2023","yellow","thursday","0","114969","20.76","4.25"
"2023","green","thursday","1","936","17.19","3.19"
"2023","yellow","thursday","1","56068","19.92","4.12"
"2023","green","thursday","2","609","17.74","3.38"
"2023","yellow","thursday","2","30028","18.37","12.01"
"2023","green","thursday","3","382","19.53","4.08"
"2023","yellow","thursday","3","18983","20.73","4.37"
"2023","yellow","thursday","4","18301","28.88","21.45"
"2023","green","thursday","4","389","24.1","77.25"
"2023","yellow","thursday","5","33113","27.14","8.57"
"2023","green","thursday","5","560","23.41","113.06"
"2023","green","thursday","6","1827","17.76","75.51"
"2023","yellow","thursday","6","90294","21.97","6.09"
"2023","green","thursday","7","5048","16.97","21.22"
"2023","yellow","thursday","7","191035","18.55","5.77"
"2023","yellow","thursday","8","261961","18.21","5.26"
"2023","green","thursday","8","6358","17.86","71.24"
"2023","yellow","thursday","9","273456","18.71","3.81"
"2023","green","thursday","9","6623","18.21","24.44"
"2023","yellow","thursday","10","277082","19.31","3.09"
"2023","green","thursday","10","6410","18.91","25.22"
"2023","green","thursday","11","6160","19.17","21.12"
"2023","yellow","thursday","11","293310","19.87","3.61"
"2023","green","thursday","12","6385","19.4","13.52"
"2023","yellow","thursday","12","313280","20.23","3.58"
"2023","yellow","thursday","13","315613","21.02","4.31"
"2023","green","thursday","13","6360","19.01","29.04"
"2023","yellow","thursday","14","343045","21.81","4.07"
"2023","green","thursday","14","7398","19.05","13.24"
"2023","yellow","thursday","15","357134","21.71","4.12"
"2023","green","thursday","15","8178","18.65","17.61"
"2023","green","thursday","16","8930","18.24","3.23"
"2023","yellow","thursday","16","354589","21.82","3.71"
"2023","yellow","thursday","17","397494","20.11","3.88"
"2023","green","thursday","17","9858","17.45","8.12"
"2023","yellow","thursday","18","430520","18.48","3.74"
"2023","green","thursday","18","9726","16.41","7.74"
"2023","yellow","thursday","19","376778","18.31","3.66"
"2023","green","thursday","19","7442","15.98","9.94"
"2023","green","thursday","20","5594","16.86","2.94"
"2023","yellow","thursday","20","347616","18.81","3.59"
"2023","yellow","thursday","21","356861","18.81","3.82"
"2023","green","thursday","21","4784","18.02","23.98"
"2023","yellow","thursday","22","329761","19.46","3.73"
"2023","green","thursday","22","3888","19.15","3.52"
"2023","yellow","thursday","23","254263","20.39","3.98"
"2023","green","thursday","23","2866","19.66","3.56"
"2023","yellow","friday","0","162268","19.64","3.88"
"2023","green","friday","0","1965","19.49","11.29"
"2023","green","friday","1","1218","19.31","3.61"
"2023","yellow","friday","1","92746","18.43","3.74"
"2023","green","friday","2","733","19.6","18.59"
"2023","yellow","friday","2","53137","17.37","3.95"
"2023","green","friday","3","506","19.0","3.59"
"2023","yellow","friday","3","31475","19.29","7.43"
"2023","green","friday","4","442","22.85","4.92"
"2023","yellow","friday","4","25089","27.38","9.79"
"2023","yellow","friday","5","34071","29.04","14.68"
"2023","green","friday","5","558","21.83","148.06"
"2023","green","friday","6","1719","18.11","84.61"
"2023","yellow","friday","6","79221","23.76","11.73"
"2023","green","friday","7","4685","17.68","27.64"
"2023","yellow","friday","7","153515","19.74","7.55"
"2023","yellow","friday","8","205989","18.71","4.2"
"2023","green","friday","8","5614","17.88","21.06"
"2023","yellow","friday","9","230416","19.23","4.17"
"2023","green","friday","9","6203","18.14","52.82"
"2023","yellow","friday","10","248227","19.5","3.43"
"2023","green","friday","10","5896","19.36","74.19"
"2023","yellow","friday","11","265211","19.73","4.19"
"2023","green","friday","11","5800","19.37","5.85"
"2023","green","friday","12","5546","18.92","42.45"
"2023","yellow","friday","12","283655","19.9","3.96"
"2023","yellow","friday","13","296884","20.59","4.05"
"2023","green","friday","13","5670","18.64","24.64"
"2023","yellow","friday","14","332320","21.33","4.26"
"2023","green","friday","14","7248","18.55","13.01"
"2023","yellow","friday","15","341506","21.2","4.94"
"2023","green","friday","15","8281","18.37","22.48"
"2023","yellow","friday","16","335363","21.07","4.07"
"2023","green","friday","16","8809","17.78","8.32"
"2023","yellow","friday","17","373918","19.29","3.77"
"2023","green","friday","17","9490","17.35","3.05"
"2023","yellow","friday","18","397684","17.86","3.12"
"2023","green","friday","18","9300","16.27","21.01"
"2023","yellow","friday","19","368372","17.92","3.74"
"2023","green","friday","19","7643","16.34","13.93"
"2023","green","friday","20","5795","17.28","7.55"
"2023","yellow","friday","20","300263","18.64","3.46"
"2023","yellow","friday","21","298838","18.84","3.56"
"2023","green","friday","21","4909","18.67","30.24"
"2023","yellow","friday","22","318521","19.1","3.51"
"2023","green","friday","22","4254","19.93","13.6"
"2023","green","friday","23","3605","19.08","9.64"
"2023","yellow","friday","23","301647","19.48","3.8"
"2023","green","saturday","0","2918","18.98","8.18"
"2023","yellow","saturday","0","257632","18.26","3.65"
"2023","yellow","saturday","1","209918","16.55","3.07"
"2023","green","saturday","1","2237","19.49","11.54"
"2023","green","saturday","2","1819","22.45","12.62"
"2023","yellow","saturday","2","154249","15.94","3.04"
"2023","yellow","saturday","3","99169","16.56","5.15"
"2023","green","saturday","3","1435","25.93","5.65"
"2023","green","saturday","4","1008","26.01","4.11"
"2023","yellow","saturday","4","50621","20.19","4.61"
"2023","yellow","saturday","5","23979","29.3","8.14"
"2023","green","saturday","5","719","25.28","206.33"
"2023","yellow","saturday","6","42211","27.77","10.03"
"2023","green","saturday","6","860","22.0","67.0"
"2023","yellow","saturday","7","66544","23.66","8.35"
"2023","green","saturday","7","1730","22.05","24.99"
"2023","yellow","saturday","8","108550","19.55","4.82"
"2023","green","saturday","8","2492","19.81","18.83"
"2023","yellow","saturday","9","167833","17.71","3.55"
"2023","green","saturday","9","3420","18.46","12.0"
"2023","yellow","saturday","10","220958","17.27","4.15"
"2023","green","saturday","10","4279","18.2","31.42"
"2023","green","saturday","11","5342","17.72","14.39"
"2023","yellow","saturday","11","260321","17.33","3.59"
"2023","green","saturday","12","5769","17.86","15.75"
"2023","yellow","saturday","12","291362","17.95","3.26"
"2023","yellow","saturday","13","304944","18.76","3.99"
"2023","green","saturday","13","5788","18.07","7.28"
"2023","yellow","saturday","14","305024","19.95","3.84"
"2023","green","saturday","14","6385","17.75","12.04"
"2023","yellow","saturday","15","318635","20.61","3.62"
"2023","green","saturday","15","6870","17.99","19.92"
"2023","green","saturday","16","6544","18.34","6.07"
"2023","yellow","saturday","16","327914","20.07","3.75"
"2023","yellow","saturday","17","339259","19.36","4.08"
"2023","green","saturday","17","6522","18.06","7.86"
"2023","yellow","saturday","18","345721","18.64","3.84"
"2023","green","saturday","18","6696","17.73","5.71"
"2023","yellow","saturday","19","338148","18.56","3.37"
"2023","green","saturday","19","5909","17.98","8.63"
"2023","green","saturday","20","5179","17.95","11.11"
"2023","yellow","saturday","20","279905","18.87","3.41"
"2023","green","saturday","21","4642","18.63","13.76"
"2023","yellow","saturday","21","282004","18.89","3.57"
"2023","yellow","saturday","22","307974","19.18","4.64"
"2023","green","saturday","22","4231","19.8","9.35"
"2023","green","saturday","23","3911","18.68","19.29"
"2023","yellow","saturday","23","305514","19.28","3.81"
"2023","green","sunday","0","3237","19.01","3.48"
"2023","yellow","sunday","0","267451","18.12","3.49"
"2023","green","sunday","1","2596","19.99","31.09"
"2023","yellow","sunday","1","225099","16.71","3.27"
"2023","yellow","sunday","2","162578","16.4","4.6"
"2023","green","sunday","2","2000","22.26","26.78"
"2023","yellow","sunday","3","112361","17.1","3.29"
"2023","green","sunday","3","1741","25.05","7.92"
"2023","yellow","sunday","4","61708","20.58","4.74"
"2023","green","sunday","4","1225","25.9","4.21"
"2023","yellow","sunday","5","27220","30.34","8.68"
"2023","green","sunday","5","754","27.74","19.01"
"2023","yellow","sunday","6","40436","30.28","10.16"
"2023","green","sunday","6","907","24.91","47.41"
"2023","green","sunday","7","1351","25.82","12.95"
"2023","yellow","sunday","7","61195","26.12","8.92"
"2023","green","sunday","8","1807","22.07","14.05"
"2023","yellow","sunday","8","93697","21.77","6.91"
"2023","green","sunday","9","2704","20.03","10.37"
"2023","yellow","sunday","9","149247","19.2","4.23"
"2023","green","sunday","10","3733","18.31","3.59"
"2023","yellow","sunday","10","206873","18.42","4.13"
"2023","green","sunday","11","4627","17.74","9.77"
"2023","yellow","sunday","11","244104","18.37","3.65"
"2023","green","sunday","12","5349","17.2","18.76"
"2023","yellow","sunday","12","278195","19.4","3.95"
"2023","yellow","sunday","13","286866","20.7","4.08"
"2023","green","sunday","13","5334","18.14","6.95"
"2023","green","sunday","14","5828","18.01","25.31"
"2023","yellow","sunday","14","296496","21.83","4.88"
"2023","yellow","sunday","15","290546","22.34","4.93"
"2023","green","sunday","15","6163","17.45","11.75"
"2023","yellow","sunday","16","293613","22.32","4.43"
"2023","green","sunday","16","6111","17.9","6.91"
"2023","green","sunday","17","6081","17.71","15.76"
"2023","yellow","sunday","17","292369","21.43","4.31"
"2023","green","sunday","18","6246","17.0","27.28"
"2023","yellow","sunday","18","282035","20.4","4.9"
"2023","green","sunday","19","5307","17.23","28.23"
"2023","yellow","sunday","19","247925","20.84","4.19"
"2023","green","sunday","20","4570","17.46","6.68"
"2023","yellow","sunday","20","230201","21.25","4.44"
"2023","green","sunday","21","3991","18.06","17.97"
"2023","yellow","sunday","21","216137","21.81","4.64"
"2023","yellow","sunday","22","180355","23.7","5.86"
"2023","green","sunday","22","2984","18.14","12.29"
"2023","green","sunday","23","2271","18.26","11.68"
"2023","yellow","sunday","23","134607","26.51","6.03"
"2024","green","monday","0","1253","18.95","3.2"
"2024","yellow","monday","0","85110","26.34","6.76"
"2024","yellow","monday","1","44055","25.38","13.57"
"2024","green","monday","1","774","18.18","3.2"
"2024","green","monday","2","521","20.56","3.63"
"2024","yellow","monday","2","26059","22.58","7.94"
"2024","yellow","monday","3","19256","24.08","6.75"
"2024","green","monday","3","347","21.8","83.94"
"2024","yellow","monday","4","23277","28.48","15.98"
"2024","green","monday","4","323","24.37","4.52"
"2024","yellow","monday","5","39707","27.96","28.98"
"2024","green","monday","5","496","23.84","4.69"
"2024","yellow","monday","6","92217","23.08","15.73"
"2024","green","monday","6","1562","16.94","3.18"
"2024","yellow","monday","7","176499","20.05","13.41"
"2024","green","monday","7","3698","16.1","20.04"
"2024","green","monday","8","4897","17.39","48.2"
"2024","yellow","monday","8","236739","19.28","6.63"
"2024","yellow","monday","9","240433","19.43","5.1"
"2024","green","monday","9","5221","17.33","2.82"
"2024","green","monday","10","4896","17.61","28.97"
"2024","yellow","monday","10","243272","19.97","4.93"
"2024","green","monday","11","4864","18.59","23.93"
"2024","yellow","monday","11","255074","20.09","3.48"
"2024","green","monday","12","4972","18.14","25.7"
"2024","yellow","monday","12","276344","20.29","4.03"
"2024","green","monday","13","4946","18.18","18.05"
"2024","yellow","monday","13","289766","21.11","4.0"
"2024","yellow","monday","14","318750","21.78","4.54"
"2024","green","monday","14","5919","18.41","16.8"
"2024","green","monday","15","6273","18.12","25.7"
"2024","yellow","monday","15","328648","21.48","4.88"
"2024","green","monday","16","6782","17.29","6.7"
"2024","yellow","monday","16","320645","21.72","5.41"
"2024","yellow","monday","17","349719","19.79","4.05"
"2024","green","monday","17","7402","16.62","27.5"
"2024","green","monday","18","7041","16.0","8.39"
"2024","yellow","monday","18","355815","18.33","3.92"
"2024","green","monday","19","5180","15.54","2.62"
"2024","yellow","monday","19","295967","18.85","3.76"
"2024","green","monday","20","3952","16.69","2.88"
"2024","yellow","monday","20","281977","19.23","3.77"
"2024","yellow","monday","21","277059","19.4","4.87"
"2024","green","monday","21","3128","19.03","3.34"
"2024","green","monday","22","2514","20.52","3.55"
"2024","yellow","monday","22","217446","20.91","4.76"
"2024","yellow","monday","23","139196","24.59","5.49"
"2024","green","monday","23","1734","19.71","3.49"
"2024","yellow","tuesday","0","74867","25.46","5.64"
"2024","green","tuesday","0","1048","20.49","20.46"
"2024","green","tuesday","1","608","16.91","3.11"
"2024","yellow","tuesday","1","31502","25.32","5.61"
"2024","yellow","tuesday","2","14964","21.48","4.56"
"2024","green","tuesday","2","341","15.4","168.83"
"2024","green","tuesday","3","202","19.65","3.77"
"2024","yellow","tuesday","3","9867","24.42","5.28"
"2024","green","tuesday","4","217","24.71","4.92"
"2024","yellow","tuesday","4","14248","29.73","28.01"
"2024","green","tuesday","5","369","22.1","128.78"
"2024","yellow","tuesday","5","35109","26.14","16.88"
"2024","green","tuesday","6","1636","16.75","90.34"
"2024","yellow","tuesday","6","92605","21.17","10.61"
"2024","green","tuesday","7","4132","15.66","29.15"
"2024","yellow","tuesday","7","199321","18.65","10.29"
"2024","yellow","tuesday","8","276832","18.53","8.0"
"2024","green","tuesday","8","5331","17.3","39.46"
"2024","green","tuesday","9","5644","17.77","35.92"
"2024","yellow","tuesday","9","279199","18.91","4.99"
"2024","yellow","tuesday","10","274035","19.54","4.84"
"2024","green","tuesday","10","5244","18.01","15.6"
"2024","yellow","tuesday","11","284431","19.8","3.32"
"2024","green","tuesday","11","4880","18.87","74.05"
"2024","yellow","tuesday","12","304090","20.02","3.46"
"2024","green","tuesday","12","5079","18.48","56.9"
"2024","yellow","tuesday","13","312484","20.43","4.19"
"2024","green","tuesday","13","5054","18.79","9.03"
"2024","green","tuesday","14","5833","18.69","21.73"
"2024","yellow","tuesday","14","339758","21.01","3.79"
"2024","yellow","tuesday","15","351730","20.85","3.77"
"2024","green","tuesday","15","6452","18.18","12.96"
"2024","yellow","tuesday","16","350885","20.99","4.38"
"2024","green","tuesday","16","7140","17.55","2.71"
"2024","green","tuesday","17","7801","16.88","25.29"
"2024","yellow","tuesday","17","400543","19.36","4.63"
"2024","yellow","tuesday","18","430735","17.83","3.61"
"2024","green","tuesday","18","7499","16.26","5.92"
"2024","yellow","tuesday","19","367785","17.92","3.74"
"2024","green","tuesday","19","5898","15.47","4.38"
"2024","yellow","tuesday","20","361696","18.09","3.76"
"2024","green","tuesday","20","4290","16.74","2.86"
"2024","green","tuesday","21","3821","20.4","3.51"
"2024","yellow","tuesday","21","383384","18.28","3.71"
"2024","yellow","tuesday","22","317629","19.02","4.36"
"2024","green","tuesday","22","3003","20.91","3.55"
"2024","green","tuesday","23","1971","19.94","3.51"
"2024","yellow","tuesday","23","191592","20.76","6.23"
"2024","green","wednesday","0","1236","20.93","42.81"
"2024","yellow","wednesday","0","90688","22.18","4.64"
"2024","yellow","wednesday","1","38765","21.13","4.43"
"2024","green","wednesday","1","685","17.12","3.17"
"2024","yellow","wednesday","2","19896","20.04","4.18"
"2024","green","wednesday","2","380","17.35","3.16"
"2024","yellow","wednesday","3","13130","22.6","4.79"
"2024","green","wednesday","3","272","18.54","3.52"
"2024","green","wednesday","4","274","21.95","376.8"
"2024","yellow","wednesday","4","15553","29.74","6.69"
"2024","green","wednesday","5","429","20.99","31.79"
"2024","yellow","wednesday","5","35091","26.6","22.01"
"2024","yellow","wednesday","6","94489","20.97","13.49"
"2024","green","wednesday","6","1643","15.59","16.9"
"2024","yellow","wednesday","7","204765","18.47","12.85"
"2024","green","wednesday","7","4020","16.14","15.75"
"2024","green","wednesday","8","5309","17.45","39.79"
"2024","yellow","wednesday","8","280806","18.36","5.81"
"2024","green","wednesday","9","5622","17.88","71.26"
"2024","yellow","wednesday","9","280614","18.62","3.82"
"2024","yellow","wednesday","10","273851","19.29","3.04"
"2024","green","wednesday","10","5250","18.31","11.69"
"2024","yellow","wednesday","11","290077","19.77","3.2"
"2024","green","wednesday","11","4993","18.63","18.78"
"2024","green","wednesday","12","5091","18.81","25.87"
"2024","yellow","wednesday","12","311240","20.21","3.62"
"2024","green","wednesday","13","5129","18.71","22.16"
"2024","yellow","wednesday","13","318606","20.73","4.55"
"2024","green","wednesday","14","6039","18.62","7.32"
"2024","yellow","wednesday","14","344040","21.32","5.03"
"2024","yellow","wednesday","15","358304","21.2","3.93"
"2024","green","wednesday","15","6540","18.83","11.78"
"2024","green","wednesday","16","7407","18.2","16.49"
"2024","yellow","wednesday","16","363361","21.26","4.37"
"2024","green","wednesday","17","8420","16.91","12.27"
"2024","yellow","wednesday","17","415767","19.66","4.6"
"2024","yellow","wednesday","18","445216","18.21","3.28"
"2024","green","wednesday","18","7821","16.03","2.51"
"2024","green","wednesday","19","5956","15.9","2.56"
"2024","yellow","wednesday","19","384621","18.24","3.91"
"2024","green","wednesday","20","4406","16.91","8.26"
"2024","yellow","wednesday","20","369758","18.25","3.62"
"2024","green","wednesday","21","3992","20.18","6.08"
"2024","yellow","wednesday","21","396397","18.37","4.26"
"2024","yellow","wednesday","22","347538","19.26","4.4"
"2024","green","wednesday","22","3172","20.91","17.19"
"2024","green","wednesday","23","2264","21.24","3.68"
"2024","yellow","wednesday","23","218993","20.71","5.04"
"2024","yellow","thursday","0","112415","21.71","5.52"
"2024","green","thursday","0","1372","20.99","3.65"
"2024","yellow","thursday","1","52311","20.97","4.34"
"2024","green","thursday","1","766","18.69","3.31"
"2024","yellow","thursday","2","27607","19.41","3.93"
"2024","green","thursday","2","406","16.81","2.97"
"2024","green","thursday","3","241","20.07","3.4"
"2024","yellow","thursday","3","18290","20.86","7.25"
"2024","yellow","thursday","4","19652","27.64","17.83"
"2024","green","thursday","4","255","24.16","164.69"
"2024","green","thursday","5","422","23.8","222.95"
"2024","yellow","thursday","5","39594","26.43","29.02"
"2024","green","thursday","6","1685","15.53","2.83"
"2024","yellow","thursday","6","99957","21.26","10.45"
"2024","yellow","thursday","7","207232","18.69","10.26"
"2024","green","thursday","7","4187","16.14","63.34"
"2024","green","thursday","8","5265","17.14","21.33"
"2024","yellow","thursday","8","282395","18.53","6.71"
"2024","green","thursday","9","5689","17.68","7.59"
"2024","yellow","thursday","9","284758","18.81","3.8"
"2024","green","thursday","10","5312","18.03","30.55"
"2024","yellow","thursday","10","280156","19.51","3.86"
"2024","yellow","thursday","11","291972","20.05","3.69"
"2024","green","thursday","11","5028","19.58","5.82"
"2024","green","thursday","12","5136","19.03","12.6"
"2024","yellow","thursday","12","311412","20.56","3.55"
"2024","green","thursday","13","5272","19.41","7.46"
"2024","yellow","thursday","13","321975","21.13","4.34"
"2024","green","thursday","14","6190","19.07","14.14"
"2024","yellow","thursday","14","353627","21.84","4.16"
"2024","green","thursday","15","6913","18.75","24.79"
"2024","yellow","thursday","15","369991","21.81","4.53"
"2024","yellow","thursday","16","375820","21.85","3.87"
"2024","green","thursday","16","7579","17.92","13.8"
"2024","green","thursday","17","8735","17.31","27.27"
"2024","yellow","thursday","17","429322","20.21","3.61"
"2024","green","thursday","18","8056","16.21","2.53"
"2024","yellow","thursday","18","462025","18.66","3.38"
"2024","green","thursday","19","6228","15.77","19.24"
"2024","yellow","thursday","19","402106","18.5","4.51"
"2024","green","thursday","20","4690","16.59","2.78"
"2024","yellow","thursday","20","383737","18.92","4.64"
"2024","green","thursday","21","3872","18.21","8.33"
"2024","yellow","thursday","21","404055","18.87","3.64"
"2024","green","thursday","22","3364","19.12","3.3"
"2024","yellow","thursday","22","383829","19.4","4.17"
"2024","yellow","thursday","23","288602","20.27","4.88"
"2024","green","thursday","23","2641","19.84","32.33"
"2024","green","friday","0","1544","20.17","24.21"
"2024","yellow","friday","0","175271","20.02","3.92"
"2024","yellow","friday","1","90320","18.49","3.81"
"2024","green","friday","1","1008","18.91","3.3"
"2024","green","friday","2","520","19.09","3.25"
"2024","yellow","friday","2","50697","16.91","3.24"
"2024","yellow","friday","3","31669","18.78","6.6"
"2024","green","friday","3","303","18.51","3.56"
"2024","yellow","friday","4","28362","25.1","10.58"
"2024","green","friday","4","297","25.45","4.95"
"2024","yellow","friday","5","40900","27.58","27.65"
"2024","green","friday","5","462","20.32","79.45"
"2024","yellow","friday","6","89292","22.92","11.74"
"2024","green","friday","6","1490","16.21","2.97"
"2024","yellow","friday","7","170890","19.79","15.19"
"2024","green","friday","7","3755","16.92","28.79"
"2024","green","friday","8","4530","16.79","30.94"
"2024","yellow","friday","8","223255","18.6","6.46"
"2024","green","friday","9","4755","17.86","56.26"
"2024","yellow","friday","9","236683","18.83","5.18"
"2024","green","friday","10","4663","18.24","19.18"
"2024","yellow","friday","10","254241","19.38","4.72"
"2024","green","friday","11","4524","18.85","47.62"
"2024","yellow","friday","11","274392","19.65","3.86"
"2024","green","friday","12","4474","18.48","47.23"
"2024","yellow","friday","12","297242","19.83","3.78"
"2024","green","friday","13","4679","18.6","34.79"
"2024","yellow","friday","13","311070","20.32","4.06"
"2024","yellow","friday","14","347864","21.13","5.56"
"2024","green","friday","14","5815","18.52","19.95"
"2024","green","friday","15","6763","17.96","15.74"
"2024","yellow","friday","15","364941","21.15","5.27"
"2024","green","friday","16","7407","17.57","15.21"
"2024","yellow","friday","16","357914","21.97","3.71"
"2024","green","friday","17","8119","17.18","10.62"
"2024","yellow","friday","17","392046","19.32","4.48"
"2024","green","friday","18","7735","16.63","2.6"
"2024","yellow","friday","18","423558","18.08","4.34"
"2024","yellow","friday","19","388306","18.1","4.86"
"2024","green","friday","19","6141","16.28","2.6"
"2024","green","friday","20","4582","17.34","2.88"
"2024","yellow","friday","20","319224","18.71","4.09"
"2024","yellow","friday","21","321754","18.87","4.94"
"2024","green","friday","21","4041","20.01","3.37"
"2024","green","friday","22","3563","22.32","16.72"
"2024","yellow","friday","22","345121","18.97","4.02"
"2024","yellow","friday","23","333155","19.08","3.93"
"2024","green","friday","23","3178","20.33","15.31"
"2024","yellow","saturday","0","292919","18.04","3.81"
"2024","green","saturday","0","2304","20.14","3.43"
"2024","yellow","saturday","1","229456","16.3","3.61"
"2024","green","saturday","1","1847","21.0","3.45"
"2024","green","saturday","2","1523","25.2","3.75"
"2024","yellow","saturday","2","165030","15.62","2.79"
"2024","green","saturday","3","1275","30.84","4.3"
"2024","yellow","saturday","3","102519","16.28","5.37"
"2024","yellow","saturday","4","55963","19.8","4.53"
"2024","green","saturday","4","910","31.49","4.35"
"2024","yellow","saturday","5","26617","28.07","8.28"
"2024","green","saturday","5","514","27.31","4.72"
"2024","green","saturday","6","699","22.31","4.19"
"2024","yellow","saturday","6","46476","25.64","9.23"
"2024","yellow","saturday","7","71104","22.65","11.22"
"2024","green","saturday","7","1392","22.58","4.31"
"2024","yellow","saturday","8","115799","19.33","6.17"
"2024","green","saturday","8","2031","20.32","11.37"
"2024","yellow","saturday","9","177827","17.55","4.19"
"2024","green","saturday","9","2875","18.23","12.79"
"2024","green","saturday","10","3655","17.85","64.59"
"2024","yellow","saturday","10","232676","17.16","4.19"
"2024","yellow","saturday","11","274980","17.54","5.01"
"2024","green","saturday","11","4289","17.8","93.69"
"2024","green","saturday","12","4684","17.59","2.91"
"2024","yellow","saturday","12","312182","18.09","5.41"
"2024","yellow","saturday","13","328345","19.11","3.31"
"2024","green","saturday","13","4782","18.03","26.32"
"2024","yellow","saturday","14","328412","19.96","5.55"
"2024","green","saturday","14","5077","18.06","12.05"
"2024","yellow","saturday","15","348526","20.16","5.86"
"2024","green","saturday","15","5425","17.91","2.86"
"2024","yellow","saturday","16","369629","20.11","4.94"
"2024","green","saturday","16","5567","18.11","7.28"
"2024","yellow","saturday","17","384636","19.63","5.2"
"2024","green","saturday","17","5635","17.81","2.83"
"2024","green","saturday","18","5711","18.31","2.91"
"2024","yellow","saturday","18","397796","19.06","4.07"
"2024","yellow","saturday","19","386266","18.9","5.04"
"2024","green","saturday","19","5072","18.38","11.96"
"2024","green","saturday","20","4130","17.69","2.87"
"2024","yellow","saturday","20","324995","19.09","5.05"
"2024","green","saturday","21","3982","19.01","3.18"
"2024","yellow","saturday","21","321483","18.85","5.29"
"2024","yellow","saturday","22","358306","19.08","4.81"
"2024","green","saturday","22","3384","21.23","29.4"
"2024","yellow","saturday","23","360239","19.45","3.87"
"2024","green","saturday","23","3235","19.53","10.05"
"2024","yellow","sunday","0","311664","18.36","4.05"
"2024","green","sunday","0","2468","20.41","3.33"
"2024","green","sunday","1","2011","20.93","3.39"
"2024","yellow","sunday","1","253010","16.67","3.48"
"2024","green","sunday","2","1772","25.83","30.52"
"2024","yellow","sunday","2","174838","16.04","3.48"
"2024","green","sunday","3","1458","30.05","4.17"
"2024","yellow","sunday","3","117569","16.75","4.34"
"2024","yellow","sunday","4","69990","20.35","8.69"
"2024","green","sunday","4","1085","32.23","4.57"
"2024","green","sunday","5","620","31.32","4.87"
"2024","yellow","sunday","5","32171","29.39","6.49"
"2024","green","sunday","6","706","26.07","4.86"
"2024","yellow","sunday","6","47331","28.23","19.38"
"2024","yellow","sunday","7","67972","25.12","11.19"
"2024","green","sunday","7","1089","27.08","21.19"
"2024","yellow","sunday","8","102274","21.54","10.97"
"2024","green","sunday","8","1503","23.29","45.1"
"2024","green","sunday","9","2234","20.14","14.22"
"2024","yellow","sunday","9","162449","18.98","7.54"
"2024","green","sunday","10","2901","18.08","9.9"
"2024","yellow","sunday","10","222647","18.28","6.27"
"2024","yellow","sunday","11","263569","18.32","6.34"
"2024","green","sunday","11","3580","17.59","3.06"
"2024","green","sunday","12","4137","17.14","14.93"
"2024","yellow","sunday","12","300665","19.37","5.42"
"2024","yellow","sunday","13","315338","20.65","5.7"
"2024","green","sunday","13","4323","17.6","2.95"
"2024","green","sunday","14","4934","17.92","3.01"
"2024","yellow","sunday","14","324870","21.79","7.5"
"2024","yellow","sunday","15","311924","22.32","5.75"
"2024","green","sunday","15","5161","17.38","11.1"
"2024","yellow","sunday","16","319623","22.41","5.51"
"2024","green","sunday","16","5309","18.65","11.11"
"2024","green","sunday","17","5295","18.21","18.13"
"2024","yellow","sunday","17","320411","21.47","4.5"
"2024","green","sunday","18","5285","16.92","48.43"
"2024","yellow","sunday","18","307974","20.83","3.99"
"2024","yellow","sunday","19","266850","21.27","4.67"
"2024","green","sunday","19","4477","17.41","2.88"
"2024","green","sunday","20","3874","16.84","13.46"
"2024","yellow","sunday","20","241732","21.4","5.86"
"2024","yellow","sunday","21","226036","21.87","5.39"
"2024","green","sunday","21","3264","18.11","15.83"
"2024","yellow","sunday","22","183889","23.58","5.2"
"2024","green","sunday","22","2489","19.8","23.92"
"2024","yellow","sunday","23","134731","26.32","6.78"
"2024","green","sunday","23","1875","19.35","3.33"
"2025","yellow","monday","13","1","33.1","7.45"
"2025","green","wednesday","0","1","6.5","1.06"
"2025","green","wednesday","1","1","12.1","2.16"
"2025","green","wednesday","2","1","65.3","17.32"
"2025","green","wednesday","10","1","20.0","0.01"
"2025","green","wednesday","11","2","15.95","3.25"
"2025","green","wednesday","12","1","13.5","2.2"
"2025","green","wednesday","13","1","13.5","2.56"
"2025","green","wednesday","15","2","11.4","2.02"
"2025","green","wednesday","22","1","33.1","8.07"
"2025","yellow","thursday","10","1","14.2","1.54"
"2025","yellow","sunday","3","1","29.6","4.02"
"2025","yellow","sunday","11","1","28.2","2.71"
"2025","yellow","sunday","20","1","11.4","2.19"
"2026","yellow","friday","23","2","24.0","5.76"
